f,2dsth,2dstp,2dsts,3dst,WT
0,0.509143845,1.099548237,0.558892319,0.273454042,-0.025991953
0.5,0.502960034,1.056419974,0.547360678,0.276752056,-0.024162987
1,0.496776222,1.013291712,0.535829037,0.280050069,-0.02233402
1.5,0.49059241,0.970163449,0.524297396,0.283348083,-0.020505053
2,0.484408599,0.927035187,0.512765755,0.286646096,-0.018676086
2.5,0.478224787,0.883906925,0.501234114,0.28994411,-0.01684712
3,0.472040975,0.840778662,0.489702473,0.293242124,-0.015018153
3.5,0.465857164,0.7976504,0.478170832,0.296540137,-0.013189186
4,0.459673352,0.754522137,0.466639191,0.299838151,-0.011360219
4.5,0.453489541,0.711393875,0.45510755,0.303136164,-0.009531253
5,0.447305729,0.668265612,0.443575909,0.306434178,-0.007702286
5.5,0.441121917,0.62513735,0.432044268,0.309732191,-0.005873319
6,0.434938106,0.582009087,0.420512627,0.306467498,-0.004044352
6.5,0.428754294,0.594809203,0.408980986,0.300442233,-0.002215385
7,0.422570482,0.660308624,0.39480052,0.294416968,-0.000386419
7.5,0.416386671,0.725808045,0.375139172,0.288391703,0.001442548
8,0.410202859,0.791307466,0.355477825,0.282366439,0.003271515
8.5,0.404019047,0.856806887,0.335816478,0.276341174,0.005100482
9,0.397835236,0.922306308,0.31615513,0.270315909,0.006929448
9.5,0.38424629,0.987805729,0.296493783,0.264290644,0.008758415
10,0.365060559,1.05330515,0.276832436,0.258265379,0.010587382
10.5,0.345874827,1.118804571,0.257171088,0.252240115,0.012416349
11,0.326689095,1.184303992,0.237509741,0.24621485,0.014245315
11.5,0.307503363,1.249803413,0.217848394,0.240189585,0.016074282
12,0.288317632,1.315302834,0.198187046,0.23416432,0.017903249
12.5,0.2691319,1.380802255,0.178525699,0.228139056,0.019732216
13,0.249946168,1.375443262,0.158864352,0.222113791,0.021561182
13.5,0.230760437,1.278116249,0.139203004,0.216088526,0.023390149
14,0.211574705,1.180789236,0.119541657,0.210063261,0.025219116
14.5,0.192388973,1.083462223,0.09988031,0.204037996,0.027048083
15,0.173203241,0.98613521,0.080218962,0.198012732,0.028877049
15.5,0.15401751,0.888808197,0.060557615,0.199523283,0.030706016
16,0.134831778,0.791481184,0.040896268,0.20459719,0.032534983
16.5,0.115646046,0.694154171,0.03340716,0.209671096,0.03436395
17,0.096460314,0.596827158,0.054210204,0.214745003,0.036192917
17.5,0.077274583,0.499500145,0.075013248,0.219818909,0.038021883
18,0.058088851,0.402173132,0.095816292,0.224892815,0.03985085
18.5,0.038903119,0.304846119,0.116619336,0.229966722,0.041679817
19,0.039836922,0.207519106,0.13742238,0.235040628,0.043508784
19.5,0.057595621,0.175546509,0.158225424,0.240114534,0.04533775
20,0.07535432,0.26203343,0.179028468,0.241528725,0.047166717
20.5,0.09311302,0.348520351,0.199831513,0.224615704,0.048995684
21,0.110871719,0.435007272,0.220634557,0.207702682,0.050824651
21.5,0.128630418,0.521494193,0.241437601,0.190789661,0.052653617
22,0.146389117,0.607981113,0.262240645,0.17387664,0.054482584
22.5,0.164147816,0.694468034,0.283043689,0.156963618,0.056311551
23,0.181906515,0.780954955,0.303846733,0.140050597,0.058140518
23.5,0.199665215,0.867441876,0.324649777,0.123137576,0.059969484
24,0.217423914,0.953928797,0.345452821,0.106224554,0.061798451
24.5,0.235182613,1.040415718,0.366255866,0.089311533,0.063627418
25,0.252941312,1.126902639,0.38705891,0.072398512,0.065456385
25.5,0.270700011,1.21338956,0.407861954,0.07313777,0.067285352
26,0.288458711,1.244291712,0.428664998,0.094194506,0.069114318
26.5,0.305495462,1.129283167,0.449468042,0.115251241,0.070943285
27,0.314938569,1.014274622,0.470271086,0.136307977,0.072772252
27.5,0.324381677,0.899266077,0.49107413,0.157364713,0.074601219
28,0.333824785,0.784257532,0.511877174,0.178421449,0.076430185
28.5,0.343267893,0.669248987,0.51896996,0.199478185,0.078259152
29,0.352711001,0.554240442,0.513388683,0.220534921,0.080088119
29.5,0.362154109,0.439231898,0.507807407,0.241591657,0.081917086
30,0.371597217,0.324223353,0.502226131,0.262648393,0.083746052
30.5,0.381040325,0.209214808,0.496644855,0.283705129,0.085575019
31,0.390483432,0.094206263,0.491063579,0.304761865,0.087403986
31.5,0.39992654,0.111542726,0.485482302,0.312996888,0.089232953
32,0.409369648,0.226973871,0.479901026,0.311728405,0.091061919
32.5,0.418812756,0.342405016,0.47431975,0.310459921,0.092890886
33,0.428255864,0.457836162,0.468738474,0.309191437,0.094719853
33.5,0.437698972,0.573267307,0.463157198,0.307922953,0.09654882
34,0.44714208,0.688698452,0.457575922,0.306654469,0.098377786
34.5,0.456585187,0.804129597,0.459228601,0.305385985,0.100206753
35,0.466028295,0.919560743,0.465148165,0.304117502,0.10203572
35.5,0.475471403,1.034991888,0.471067729,0.302849018,0.103864687
36,0.484914511,1.13636862,0.476987293,0.302111959,0.105811545
36.5,0.494357619,1.024425129,0.482906857,0.309440952,0.109547787
37,0.503800727,0.912481637,0.488826421,0.316769945,0.113284028
37.5,0.497651858,0.800538145,0.494745985,0.324098938,0.117020269
38,0.484290566,0.688594654,0.49110476,0.331427931,0.12075651
38.5,0.470929274,0.576651162,0.477695141,0.338756924,0.124492751
39,0.457567982,0.46470767,0.464285521,0.346085917,0.128228993
39.5,0.44420669,0.352764179,0.450875901,0.353414911,0.131965234
40,0.430845398,0.240820687,0.437466281,0.360743904,0.135701475
40.5,0.417484106,0.128877195,0.424056661,0.368072897,0.139437716
41,0.404122814,0.142541701,0.410647041,0.37540189,0.143173957
41.5,0.390761522,0.25924133,0.397237422,0.377976922,0.146910199
42,0.37740023,0.37594096,0.383827802,0.372110207,0.15064644
42.5,0.364038938,0.492640589,0.370418182,0.366243492,0.154382681
43,0.350677646,0.609340218,0.357008562,0.360376777,0.158118922
43.5,0.337316354,0.726039847,0.343598942,0.354510063,0.161855163
44,0.323955062,0.842739477,0.330189322,0.348643348,0.165591405
44.5,0.31059377,0.959439106,0.316779702,0.342776633,0.169327646
45,0.297232478,1.076138735,0.303370083,0.336909919,0.173063887
45.5,0.283871186,1.185754987,0.289960463,0.331043204,0.176800128
46,0.270509894,1.110280778,0.276550843,0.325176489,0.180536369
46.5,0.257148602,1.034806569,0.263141223,0.319309774,0.18427261
47,0.24378731,0.95933236,0.249731603,0.31344306,0.188008852
47.5,0.230426018,0.883858151,0.236321983,0.307576345,0.191745093
48,0.217064726,0.808383942,0.222912364,0.30170963,0.195481334
48.5,0.203703434,0.732909733,0.209502744,0.295842915,0.199217575
49,0.190342142,0.657435524,0.196093124,0.289976201,0.202953816
49.5,0.17698085,0.581961315,0.182683504,0.284109486,0.206690058
50,0.163619558,0.506487106,0.169273884,0.278242771,0.210426299
50.5,0.150258266,0.525018288,0.155864264,0.272376056,0.21416254
51,0.136896974,0.628821954,0.142454644,0.265013074,0.217898781
51.5,0.123535682,0.732625621,0.129045025,0.254684062,0.221635022
52,0.11017439,0.836429288,0.115635405,0.244355049,0.225371264
52.5,0.096813098,0.940232955,0.102225785,0.234026037,0.229107505
53,0.083451806,1.044036621,0.088816165,0.223697024,0.232843746
53.5,0.070090514,1.147840288,0.075406545,0.213368012,0.236579987
54,0.056729222,1.251643955,0.061996925,0.203038999,0.240316228
54.5,0.04336793,1.355447622,0.05656348,0.192709987,0.24405247
55,0.030164769,1.459251288,0.082846334,0.182380975,0.247788711
55.5,0.030084232,1.563054955,0.109129188,0.172051962,0.251524952
56,0.030003695,1.666858622,0.135412042,0.16172295,0.255261193
56.5,0.029923158,1.770662289,0.161694897,0.151393937,0.258997434
57,0.029842621,1.874465955,0.187977751,0.141064925,0.262733676
57.5,0.029762084,1.904716937,0.214260605,0.130735912,0.266469917
58,0.029681547,1.720787111,0.24054346,0.1204069,0.270206158
58.5,0.02960101,1.536857286,0.266826314,0.110077887,0.273942399
59,0.029520473,1.352927461,0.293109168,0.099748875,0.27767864
59.5,0.029439936,1.168997635,0.319392022,0.109879528,0.281414881
60,0.029359399,0.98506781,0.345674877,0.129269144,0.285151123
60.5,0.029278862,0.801137985,0.371957731,0.14865876,0.288887364
61,0.029198326,0.617208159,0.398240585,0.168048376,0.292623605
61.5,0.029117789,0.433278334,0.424523439,0.187437992,0.296359846
62,0.029037252,0.249348508,0.450806294,0.206827608,0.300096087
62.5,0.028956715,0.293364997,0.477089148,0.226217223,0.303832329
63,0.028876178,0.416153171,0.503372002,0.245606839,0.30756857
63.5,0.028795641,0.538941344,0.529654857,0.264996455,0.311304811
64,0.028715104,0.661729518,0.555937711,0.284386071,0.315041052
64.5,0.028634567,0.784517691,0.582220565,0.303775687,0.318777293
65,0.02855403,0.907305864,0.608503419,0.323165303,0.322513535
65.5,0.028473493,1.030094038,0.634786274,0.342554919,0.326249776
66,0.028392956,1.152882211,0.661069128,0.361944535,0.329986017
66.5,0.028312419,1.275670384,0.687351982,0.381334151,0.333722258
67,0.028231882,1.398458558,0.713634836,0.400723766,0.337458499
67.5,0.028151345,1.521246731,0.739917691,0.418965805,0.341194741
68,0.028070808,1.644034905,0.766200545,0.410791174,0.344930982
68.5,0.027990271,1.603528605,0.792483399,0.402616543,0.348667223
69,0.027909734,1.534777066,0.818766253,0.394441911,0.353108035
69.5,0.027829197,1.466025528,0.823934731,0.38626728,0.357906187
70,0.02774866,1.397273989,0.805714812,0.378092649,0.362704339
70.5,0.027668123,1.32852245,0.787494894,0.369918018,0.367502492
71,0.027587586,1.259770912,0.769274976,0.361743386,0.372300644
71.5,0.027507049,1.191019373,0.751055057,0.353568755,0.377098796
72,0.027426512,1.122267835,0.732835139,0.345394124,0.381896948
72.5,0.027345975,1.053516296,0.714615221,0.337219493,0.3866951
73,0.027265438,0.984764757,0.696395302,0.335707464,0.391493253
73.5,0.027184901,0.916013219,0.678175384,0.347123718,0.396291405
74,0.027104365,0.84726168,0.659955465,0.358539973,0.401089557
74.5,0.027023828,0.926573919,0.641735547,0.369956227,0.405887709
75,0.026943291,1.011743251,0.623515629,0.381372482,0.410685861
75.5,0.026862754,1.096912583,0.60529571,0.392788737,0.415484014
76,0.026782217,1.182081914,0.584938602,0.404204991,0.420282166
76.5,0.02670168,1.267251246,0.561304861,0.415621246,0.425080318
77,0.026621143,1.352420577,0.537671121,0.4270375,0.42987847
77.5,0.026540606,1.437589909,0.51403738,0.438453755,0.434676623
78,0.026460069,1.52275924,0.490403639,0.449870009,0.439474775
78.5,0.026379532,1.506860573,0.466769898,0.461286264,0.444272927
79,0.026298995,1.433750297,0.443136157,0.458221745,0.449071079
79.5,0.026218458,1.360640022,0.419502416,0.437418689,0.453869231
80,0.026137921,1.287529747,0.395868675,0.416615634,0.458667384
80.5,0.026057384,1.214419472,0.372234934,0.395812578,0.463465536
81,0.025976847,1.141309196,0.348601193,0.375009522,0.468263688
81.5,0.02589631,1.068198921,0.324967452,0.354206467,0.47306184
82,0.025815773,0.995088646,0.301333712,0.333403411,0.477859992
82.5,0.025735236,0.921978371,0.277699971,0.312600355,0.482658145
83,0.025654699,0.848868095,0.25406623,0.291797299,0.487456297
83.5,0.025574162,0.77575782,0.230432489,0.270994244,0.492254449
84,0.025493625,0.702647545,0.206798748,0.250191188,0.497052601
84.5,0.025413088,0.62953727,0.183165007,0.229388132,0.501850753
85,0.025332551,0.623277878,0.159531266,0.223519154,0.506648906
85.5,0.025252014,0.669788674,0.135897525,0.229438711,0.511447058
86,0.025171477,0.71629947,0.112263784,0.235358269,0.51624521
86.5,0.02509094,0.762810266,0.088630044,0.241277826,0.521043362
87,0.025010404,0.809321061,0.064996303,0.247197384,0.525841514
87.5,0.024929867,0.855831857,0.086802768,0.253116941,0.530639667
88,0.02484933,0.902342653,0.119783102,0.259036499,0.535437819
88.5,0.024768793,0.906592736,0.152763435,0.264956057,0.540235971
89,0.024688256,0.853547432,0.185743769,0.270875614,0.545034123
89.5,0.024607719,0.800502127,0.218724102,0.276795172,0.549832275
90,0.024527182,0.747456823,0.251704436,0.282714729,0.554630428
90.5,0.024446645,0.694411519,0.284684769,0.307651228,0.55942858
91,0.024366108,0.641366214,0.317665102,0.335752905,0.564226732
91.5,0.024285571,0.58832091,0.350645436,0.363854582,0.569024884
92,0.024205034,0.535275605,0.375476773,0.39195626,0.573823036
92.5,0.025192622,0.482230301,0.380369463,0.420057937,0.578621189
93,0.03567869,0.429184996,0.385262153,0.448159614,0.583419341
93.5,0.046164758,0.376139692,0.390154843,0.476261292,0.588217493
94,0.056650826,0.323094388,0.395047533,0.504362969,0.593015645
94.5,0.067136894,0.270049083,0.399940223,0.532464646,0.597813797
95,0.077622962,0.232363677,0.404832913,0.560566324,0.60261195
95.5,0.08810903,0.223864867,0.409725604,0.588668001,0.607410102
96,0.098595098,0.215366057,0.414618294,0.616769678,0.612208254
96.5,0.109081166,0.206867247,0.419510984,0.644871356,0.617056581
97,0.119567234,0.198368437,0.424403674,0.672973033,0.621906636
97.5,0.130053302,0.189869627,0.429296364,0.70107471,0.62675669
98,0.140539371,0.181370817,0.434189054,0.713691516,0.631606744
98.5,0.151025439,0.172872007,0.439081744,0.703036345,0.636456799
99,0.161511507,0.164373197,0.443974434,0.692381174,0.641306853
99.5,0.171997575,0.155874387,0.448867125,0.681726003,0.646156907
100,0.182483643,0.147375577,0.453759815,0.671070832,0.651006962
100.5,0.192969711,0.138876767,0.45002665,0.660415661,0.655857016
101,0.203455779,0.130377957,0.441509746,0.661770304,0.660707071
101.5,0.210916577,0.121879147,0.432992842,0.677555795,0.665557125
102,0.209994064,0.113380337,0.424475939,0.693341285,0.670407179
102.5,0.20907155,0.104881527,0.415959035,0.709126776,0.675257234
103,0.208149037,0.096382717,0.407442131,0.724912267,0.680107288
103.5,0.207226524,0.087883907,0.398925228,0.740697758,0.684957342
104,0.206304011,0.079385096,0.390408324,0.756483249,0.689807397
104.5,0.205381498,0.070886286,0.38189142,0.772268739,0.694657451
105,0.204458985,0.062387476,0.373374517,0.78805423,0.699507505
105.5,0.203536472,0.053888666,0.364857613,0.803839721,0.70435756
106,0.202613959,0.045389856,0.356340709,0.819625212,0.709207614
106.5,0.201691446,0.036891046,0.347823806,0.798069506,0.714057669
107,0.200768933,0.093236393,0.339306902,0.764243457,0.718907723
107.5,0.19984642,0.157503819,0.330789998,0.730417407,0.723757777
108,0.199471485,0.151161436,0.322273095,0.696591358,0.728607832
108.5,0.201501043,0.144819053,0.313756191,0.662765309,0.733457886
109,0.203530601,0.13847667,0.305239287,0.62893926,0.73830794
109.5,0.205560159,0.132134287,0.296722384,0.595113211,0.743157995
110,0.207589716,0.125791904,0.28820548,0.561287162,0.748008049
110.5,0.209619274,0.119449521,0.279688576,0.527461113,0.752858104
111,0.211648832,0.13250303,0.271171673,0.493635064,0.757708158
111.5,0.21367839,0.206920331,0.262654769,0.459809015,0.762558212
112,0.215707948,0.281337632,0.254137865,0.425982966,0.767408267
112.5,0.217737506,0.355754933,0.245620962,0.392156917,0.772258321
113,0.219767064,0.430172234,0.237104058,0.358330868,0.777108375
113.5,0.221796622,0.504589536,0.228587154,0.345294578,0.78195843
114,0.221928245,0.579006837,0.220070251,0.354427582,0.786808484
114.5,0.217521964,0.653424138,0.211553347,0.363560585,0.791658538
115,0.213115684,0.727841439,0.203036443,0.372693589,0.796508593
115.5,0.208709404,0.80225874,0.19451954,0.381826593,0.801358647
116,0.204303124,0.876676041,0.186002636,0.390959597,0.806208702
116.5,0.199896844,0.951093342,0.177485732,0.385608116,0.810572012
117,0.195490564,1.025510643,0.175976296,0.367849386,0.814518383
117.5,0.191084284,1.099927944,0.187507927,0.350090656,0.818464753
118,0.186678004,1.174345245,0.199039557,0.332331925,0.822411124
118.5,0.182271724,1.152920933,0.210571188,0.314573195,0.826357495
119,0.177865444,1.128678932,0.222102818,0.296814465,0.830303866
119.5,0.173459163,1.104436931,0.233634449,0.279055735,0.834250237
120,0.169052883,1.080194929,0.245166079,0.261297005,0.838196607
120.5,0.164646603,1.055952928,0.25669771,0.243538275,0.842142978
121,0.160240323,1.031710926,0.26822934,0.227157332,0.846089349
121.5,0.155834043,1.007468925,0.27976097,0.262040163,0.85003572
122,0.151427763,0.983226924,0.291292601,0.296922994,0.85398209
122.5,0.147021483,0.958984922,0.302824231,0.331805825,0.857928461
123,0.142615203,0.934742921,0.314355862,0.366688656,0.861874832
123.5,0.138208923,0.929094537,0.3208732,0.401571487,0.865821203
124,0.133802643,0.97374478,0.3138261,0.436454318,0.869767574
124.5,0.129396362,1.018395024,0.306778999,0.471337149,0.873713944
125,0.124990082,1.063045267,0.299731898,0.50621998,0.877660315
125.5,0.127588486,1.107695511,0.292684797,0.541102811,0.881606686
126,0.133150274,1.152345755,0.285637697,0.547645116,0.885553057
126.5,0.138712063,1.196995998,0.278590596,0.527349427,0.889499427
127,0.144273851,1.241646242,0.271543495,0.507053738,0.893445798
127.5,0.14983564,1.286296485,0.264496394,0.486758049,0.897392169
128,0.155397428,1.330946729,0.257449293,0.46646236,0.90133854
128.5,0.160959217,1.375596972,0.250402193,0.446166671,0.905284911
129,0.166521006,1.420247216,0.255146395,0.425870982,0.909231281
129.5,0.172082794,1.421985952,0.268845912,0.405575293,0.913177652
130,0.177644583,1.353488216,0.282545429,0.385279604,0.917124023
130.5,0.183206371,1.28499048,0.296244946,0.364983915,0.921070394
131,0.18876816,1.216492744,0.309944462,0.344688226,0.925016764
131.5,0.194329948,1.147995008,0.323643979,0.324392537,0.928963135
132,0.199891737,1.079497272,0.337343496,0.304096848,0.932909506
132.5,0.205453525,1.010999535,0.351043013,0.301417208,0.936855877
133,0.211015314,0.942501799,0.36474253,0.321712973,0.940802248
133.5,0.216577102,0.874004063,0.378442047,0.342008738,0.944748618
134,0.222138891,0.805506327,0.392141564,0.362304503,0.948694989
134.5,0.22770068,0.737008591,0.405841081,0.382600268,0.95264136
135,0.233262468,0.668510855,0.404917447,0.402896033,0.956587731
135.5,0.238824257,0.600013118,0.397039512,0.405627145,0.960534101
136,0.244386045,0.531515382,0.389161577,0.389982587,0.964480472
136.5,0.249947834,0.474692168,0.381283643,0.37433803,0.968426843
137,0.255509622,0.511824033,0.373405708,0.358693472,0.972373214
137.5,0.261071411,0.548955899,0.365527773,0.343048915,0.976319585
138,0.266633199,0.586087764,0.357649839,0.327404357,0.980265955
138.5,0.272194988,0.62321963,0.349771904,0.3117598,0.984212326
139,0.277756777,0.660351495,0.341893969,0.316106733,0.988158697
139.5,0.283318565,0.697483361,0.334016035,0.356879026,0.992105068
140,0.288880354,0.734615227,0.3261381,0.397651319,0.996051438
140.5,0.294442142,0.771747092,0.318260165,0.438423612,0.999997809
141,0.291742767,0.808878958,0.310382231,0.479195905,1.00394418
141.5,0.286809807,0.846010823,0.302504296,0.519968197,1.007890551
142,0.281876846,0.883142689,0.294626362,0.56074049,1.011836922
142.5,0.276943886,0.920274554,0.286748427,0.601512783,1.015783292
143,0.272010926,0.95460046,0.278870492,0.642285076,1.019708515
143.5,0.267077966,0.900901624,0.270992558,0.683057369,1.022970315
144,0.262145005,0.847202788,0.263114623,0.723829662,1.026232115
144.5,0.257212045,0.793503952,0.255236688,0.764601954,1.029493915
145,0.252279085,0.739805115,0.247358754,0.805374247,1.032755714
145.5,0.247346125,0.686106279,0.239480819,0.84614654,1.036017514
146,0.242413164,0.632407443,0.231951596,0.886918833,1.039279314
146.5,0.237480204,0.578708607,0.228146195,0.927691126,1.042541114
147,0.232547244,0.525009771,0.224340794,0.968463418,1.045802914
147.5,0.227614284,0.471310935,0.220535393,0.96193197,1.049064714
148,0.222681323,0.417612099,0.216729993,0.935837367,1.052326513
148.5,0.217748363,0.363913263,0.212924592,0.909742764,1.055588313
149,0.212815403,0.310214427,0.209119191,0.883648161,1.058850113
149.5,0.207882443,0.256515591,0.20531379,0.857553558,1.062111913
150,0.202949482,0.202816755,0.201508389,0.831458955,1.065373713
150.5,0.198016522,0.255489168,0.197702989,0.805364353,1.068635512
151,0.193083562,0.341355074,0.205164871,0.77926975,1.071897312
151.5,0.196522058,0.42722098,0.221020829,0.77618942,1.075159112
152,0.21338527,0.513086886,0.236876786,0.810015463,1.078420912
152.5,0.230248482,0.598952792,0.252732744,0.843841505,1.081682712
153,0.247111694,0.684818697,0.268588701,0.877667548,1.084944511
153.5,0.263974906,0.770684603,0.284444659,0.91149359,1.088206311
154,0.280838118,0.856550509,0.300300616,0.945319633,1.091468111
154.5,0.29770133,0.942416415,0.316156573,0.979145675,1.094729911
155,0.314564542,1.028282321,0.332012531,1.012971718,1.097991711
155.5,0.331427754,1.114148226,0.347868488,1.04679776,1.101253511
156,0.348290967,1.200014132,0.363724446,1.080623803,1.10451531
156.5,0.365154179,1.285880038,0.379580403,1.114449846,1.10777711
157,0.382017391,1.371745944,0.395436361,1.11369733,1.11103891
157.5,0.398880603,1.457611849,0.411292318,1.096861283,1.11430071
158,0.415743815,1.51742665,0.427148276,1.080025236,1.11756251
158.5,0.432607027,1.517693698,0.443004233,1.063189189,1.120824309
159,0.449470239,1.517960745,0.45886019,1.046353142,1.124086109
159.5,0.466333451,1.518227793,0.474716148,1.029517095,1.127347909
160,0.483196663,1.51849484,0.490572105,1.012681047,1.130609709
160.5,0.500059875,1.518761888,0.506428063,0.995845,1.133871509
161,0.516923087,1.519028935,0.52228402,0.979008953,1.137133308
161.5,0.529665509,1.519295983,0.538139978,0.962172906,1.140395108
162,0.522285268,1.51956303,0.553995935,0.945336859,1.143656908
162.5,0.514905027,1.519830078,0.569851893,0.928500812,1.146918708
163,0.507524786,1.520097125,0.58570785,0.911664765,1.150180508
163.5,0.500144545,1.520364173,0.601563808,0.917976152,1.153442308
164,0.492764304,1.52063122,0.617419765,0.939540382,1.155853445
164.5,0.485384063,1.520898268,0.633275722,0.961104612,1.157059537
165,0.478003822,1.521165315,0.647880406,0.982668842,1.15826563
165.5,0.470623581,1.521432363,0.628599459,1.004233072,1.159471722
166,0.46324334,1.52169941,0.609318512,1.025797302,1.160677815
166.5,0.455863099,1.521966458,0.590037566,1.047361532,1.161883907
167,0.448482858,1.522233505,0.570756619,1.068925762,1.16309
167.5,0.441102617,1.522500553,0.551475673,1.090489992,1.164296092
168,0.43488028,1.522767601,0.533592853,1.112054222,1.165502185
168.5,0.440316584,1.523034648,0.529787431,1.133618452,1.166708277
169,0.445752889,1.523301696,0.525982008,1.155182682,1.16791437
169.5,0.451189193,1.461941864,0.522176586,1.152094644,1.169120463
170,0.456625498,1.37568583,0.518371163,1.139047514,1.170326555
170.5,0.462061802,1.289429795,0.514565741,1.126000383,1.171532648
171,0.467498107,1.20317376,0.510760318,1.112953252,1.17273874
171.5,0.472934412,1.116917726,0.506954896,1.099906121,1.173944833
172,0.478370716,1.030661691,0.503149473,1.08685899,1.175150925
172.5,0.474017536,0.944405656,0.499344051,1.073811859,1.176357018
173,0.466688556,0.858149621,0.495538628,1.060764728,1.17756311
173.5,0.459359575,0.771893587,0.491733206,1.055157587,1.178769203
174,0.452030595,0.685637552,0.487927783,1.061246312,1.179975295
174.5,0.444701615,0.599381517,0.484122361,1.067335037,1.181181388
175,0.437372635,0.513125483,0.480316938,1.073423762,1.182387481
175.5,0.430043654,0.426869448,0.476511516,1.079512487,1.183593573
176,0.422714674,0.340613413,0.472706093,1.085601212,1.184799666
176.5,0.415385694,0.254357378,0.468900671,1.086363886,1.186005758
177,0.408056714,0.168101344,0.465095248,1.080444329,1.187211851
177.5,0.402350327,0.091319006,0.4639947,1.074524772,1.188417943
178,0.419855411,0.150059512,0.501587834,1.068605214,1.189624036
178.5,0.437360495,0.208800018,0.539180969,1.062685657,1.190830128
179,0.454865579,0.267540524,0.576774103,1.056766099,1.192036221
179.5,0.472370663,0.32628103,0.614367238,1.050846542,1.193242313
180,0.489875747,0.385021536,0.651960372,1.044926984,1.194448406
180.5,0.507380831,0.443762042,0.689553507,1.039007427,1.195654499
181,0.524885915,0.502502548,0.727146641,1.03308787,1.196860591
181.5,0.542390999,0.561243054,0.764739776,1.027168312,1.198066684
182,0.559896083,0.61998356,0.802332911,1.043314458,1.199272776
182.5,0.577401167,0.678724066,0.839926045,1.067133631,1.200478869
183,0.594906251,0.737464572,0.87751918,1.090952804,1.201684961
183.5,0.607380418,0.796205078,0.915112314,1.114771976,1.202891054
184,0.596105068,0.854945584,0.952705449,1.138591149,1.204097146
184.5,0.584829718,0.91368609,0.909980963,1.162410322,1.205303239
185,0.573554369,0.972426596,0.866091803,1.186229494,1.206509331
185.5,0.562279019,1.02334075,0.822202642,1.210048667,1.207715424
186,0.551003669,1.069200947,0.778313481,1.23386784,1.208921517
186.5,0.53972832,1.115061144,0.73442432,1.257687012,1.210127609
187,0.52845297,1.160921341,0.69053516,1.281506185,1.211333702
187.5,0.51717762,1.206781538,0.646645999,1.305325358,1.212539794
188,0.505902271,1.252641734,0.602756838,1.32914453,1.213745887
188.5,0.494626921,1.298501931,0.558867678,1.352963703,1.214951979
189,0.483351571,1.344362128,0.514978517,1.376782876,1.216158072
189.5,0.472076222,1.390222325,0.471089356,1.400602048,1.217364164
190,0.460800872,1.436082522,0.434105739,1.424421221,1.218570257
190.5,0.449525522,1.481942719,0.462857882,1.448240394,1.219776349
191,0.438250173,1.527802916,0.491610024,1.472059566,1.220982442
191.5,0.426974823,1.573663113,0.520362167,1.495878739,1.222188534
192,0.415699473,1.61952331,0.54911431,1.519697912,1.223394627
192.5,0.404424124,1.665383507,0.577866452,1.531623782,1.22460072
193,0.393148774,1.703258188,0.606618595,1.520348433,1.225806812
193.5,0.381873424,1.695809257,0.635370737,1.509073083,1.227012905
194,0.370598075,1.688360325,0.60652234,1.497797733,1.228218997
194.5,0.374985096,1.680911394,0.575317614,1.486522384,1.22942509
195,0.384005378,1.673462463,0.544112888,1.475247034,1.230631182
195.5,0.393025661,1.666013532,0.512908162,1.463971684,1.231837275
196,0.402045943,1.6585646,0.481703436,1.452696335,1.233043367
196.5,0.411066225,1.651115669,0.45049871,1.441420985,1.23424946
197,0.420086508,1.643666738,0.419293984,1.430145636,1.235455552
197.5,0.42910679,1.636217807,0.388089258,1.418870286,1.236661645
198,0.438127072,1.628768875,0.356884532,1.425952641,1.237867738
198.5,0.447147355,1.621319944,0.325679806,1.443480586,1.23907383
199,0.456167637,1.613871013,0.29447508,1.461008531,1.240279923
199.5,0.46518792,1.606422082,0.267966769,1.478536476,1.241486015
200,0.474208202,1.59897315,0.303695533,1.496064421,1.242692108
200.5,0.483228484,1.591524219,0.339424298,1.513592365,1.24256945
201,0.492248767,1.584075288,0.375153062,1.53112031,1.242267431
201.5,0.501269049,1.576626357,0.410881827,1.548648255,1.241965412
202,0.510289332,1.569177426,0.446610591,1.5661762,1.241663393
202.5,0.519309614,1.561728494,0.482339356,1.583704145,1.241361374
203,0.528329896,1.554279563,0.51806812,1.60123209,1.241059355
203.5,0.537350179,1.546830632,0.553796884,1.618760035,1.240757335
204,0.546370461,1.539381701,0.589525649,1.636287979,1.240455316
204.5,0.555390743,1.531932769,0.625254413,1.630744658,1.240153297
205,0.554228055,1.524483838,0.660983178,1.60689715,1.239851278
205.5,0.535623731,1.517034907,0.696711942,1.583049642,1.239549259
206,0.517019408,1.509585976,0.732440706,1.559202135,1.239247239
206.5,0.498415084,1.502137044,0.768169471,1.535354627,1.23894522
207,0.479810761,1.494688113,0.748541801,1.511507119,1.238643201
207.5,0.461206438,1.487239182,0.715199144,1.487659612,1.238341182
208,0.442602114,1.479790251,0.681856488,1.463812104,1.238039163
208.5,0.423997791,1.472341319,0.648513831,1.439964597,1.237737144
209,0.405393467,1.464892388,0.615171174,1.416117089,1.237435124
209.5,0.386789144,1.457443457,0.581828518,1.392269581,1.237133105
210,0.36818482,1.449994526,0.548485861,1.368422074,1.236831086
210.5,0.359358418,1.442545594,0.515143204,1.36488262,1.236529067
211,0.355412029,1.435096663,0.492140935,1.37147861,1.236227048
211.5,0.351465641,1.427647732,0.480431948,1.3780746,1.235925029
212,0.347519252,1.420198801,0.468722961,1.384670589,1.235623009
212.5,0.343572863,1.412749869,0.457013973,1.391266579,1.23532099
213,0.339626474,1.405300938,0.445304986,1.397862569,1.235018971
213.5,0.335680086,1.397852007,0.433595999,1.371502019,1.234716952
214,0.331733697,1.390403076,0.421887012,1.332432705,1.234414933
214.5,0.327787308,1.382954144,0.410178024,1.293363391,1.234112914
215,0.323840919,1.375505213,0.398469037,1.254294077,1.233810894
215.5,0.31989453,1.368056282,0.38676005,1.215224763,1.233508875
216,0.291064512,1.360607351,0.375051062,1.176155449,1.233206856
216.5,0.26134607,1.353158419,0.363342075,1.137086135,1.232904837
217,0.231627627,1.345709488,0.351633088,1.098016821,1.232602818
217.5,0.201909184,1.338260557,0.339924101,1.058947506,1.232300799
218,0.172190741,1.330811626,0.328215113,1.019878192,1.231998779
218.5,0.142472299,1.323362694,0.317196513,0.980808878,1.23169676
219,0.112753856,1.315913763,0.3397472,0.941739564,1.231394741
219.5,0.083035413,1.308464832,0.362297886,0.939360452,1.231092722
220,0.078262187,1.301015901,0.384848573,0.944434315,1.230790703
220.5,0.08739519,1.293566969,0.407399259,0.949508178,1.230488683
221,0.096528194,1.28306164,0.429949946,0.95458204,1.230186664
221.5,0.105661198,1.264034636,0.452500632,0.959655903,1.229884645
222,0.114794202,1.245007632,0.475051319,0.964729766,1.229582626
222.5,0.123927205,1.225980628,0.497602005,0.969803629,1.229280607
223,0.133060209,1.206953624,0.520152692,0.974877492,1.228978588
223.5,0.142193213,1.18792662,0.542703378,0.979951354,1.228676568
224,0.151326216,1.168899616,0.54848523,0.971913014,1.228374549
224.5,0.16045922,1.149872612,0.518403962,0.93583191,1.22807253
225,0.169592224,1.130845607,0.488322694,0.899750806,1.227770511
225.5,0.178725228,1.111818603,0.458241426,0.863669702,1.225835179
226,0.173846722,1.104123542,0.428160158,0.827588598,1.223796555
226.5,0.164333111,1.100177166,0.39807889,0.791507494,1.221757931
227,0.154819501,1.09623079,0.367997622,0.75542639,1.219719306
227.5,0.14530589,1.092284415,0.337916354,0.719345286,1.217680682
228,0.135792279,1.088338039,0.307835086,0.683264181,1.215642058
228.5,0.126278669,1.084391663,0.340515902,0.647183077,1.213603434
229,0.116765058,1.080445287,0.373496032,0.611101973,1.211564809
229.5,0.107251448,1.076498911,0.406476163,0.610982968,1.209526185
230,0.097737837,1.072552535,0.439456293,0.633181628,1.207487561
230.5,0.09552974,1.068606159,0.472436424,0.655380287,1.205448937
231,0.11658638,1.062547308,0.505416554,0.677578946,1.203410313
231.5,0.137643019,1.016247912,0.538396685,0.699777606,1.201371688
232,0.158699659,0.969948517,0.571376815,0.675565302,1.199333064
232.5,0.179756299,0.923649121,0.604356946,0.643853491,1.19729444
233,0.200812938,0.877349725,0.615740108,0.61214168,1.195255816
233.5,0.221869578,0.831050329,0.603977837,0.580429869,1.193217192
234,0.242926218,0.784750934,0.592215567,0.548718059,1.191178567
234.5,0.263982857,0.738451538,0.580453297,0.517006248,1.189139943
235,0.285039497,0.692152142,0.568691027,0.485294437,1.187101319
235.5,0.306096137,0.645852747,0.556928757,0.453582626,1.185062695
236,0.327152777,0.599553351,0.545166486,0.421870815,1.18302407
236.5,0.345941275,0.553253955,0.533404216,0.390159004,1.180985446
237,0.360486476,0.506954559,0.521641946,0.358447194,1.178946822
237.5,0.375031677,0.460655164,0.509879676,0.326735383,1.176908198
238,0.389576878,0.414355768,0.498117406,0.38281592,1.174869574
238.5,0.404122079,0.386387422,0.486355135,0.441588663,1.172830949
239,0.418667279,0.36355478,0.474592865,0.500361405,1.170792325
239.5,0.43321248,0.340722138,0.483560665,0.559134148,1.168753701
240,0.447757681,0.317889496,0.523229505,0.61790689,1.166715077
240.5,0.462302882,0.295056854,0.562898345,0.676679633,1.164676453
241,0.476848083,0.272224211,0.602567184,0.735452375,1.162637828
241.5,0.491393284,0.249391569,0.642236024,0.794225118,1.160599204
242,0.505938485,0.226558927,0.681904864,0.85299786,1.15856058
242.5,0.520483686,0.203726285,0.721573704,0.911770602,1.156521956
243,0.535028887,0.180893643,0.761242544,0.970543345,1.154483331
243.5,0.549574087,0.158061001,0.800911384,1.029316087,1.152444707
244,0.564119288,0.135228359,0.840580223,1.08808883,1.150406083
244.5,0.578664489,0.112395716,0.880249063,1.146861572,1.148367459
245,0.59320969,0.117148795,0.919917903,1.139932889,1.146328835
245.5,0.579371642,0.133639006,0.959586743,1.10504966,1.14429021
246,0.538526442,0.150129217,0.958527101,1.07016643,1.142251586
246.5,0.497681243,0.166619428,0.872270693,1.0352832,1.140212962
247,0.456836043,0.183109639,0.786014284,1.00039997,1.138174338
247.5,0.415990843,0.19959985,0.699757876,0.96551674,1.136135714
248,0.375145643,0.216090061,0.613501467,0.93063351,1.134097089
248.5,0.334300443,0.232580272,0.527245059,0.89575028,1.132058465
249,0.293455244,0.249070483,0.44098865,0.860867051,1.130019841
249.5,0.252610044,0.265560694,0.354732242,0.838095273,1.127981217
250,0.211764844,0.282050905,0.268475833,0.867270141,1.125942593
250.5,0.170919644,0.298541116,0.182219425,0.89644501,1.123903968
251,0.130074444,0.315031327,0.095963016,0.925619878,1.121865344
251.5,0.144448819,0.331521538,0.112958321,0.954794747,1.11982672
252,0.192397088,0.348011749,0.1927314,0.983969616,1.117788096
252.5,0.240345357,0.36450196,0.27250448,1.013144484,1.115749471
253,0.288293626,0.380992172,0.352277559,1.042319353,1.113710847
253.5,0.336241894,0.397482383,0.432050639,1.071494221,1.111672223
254,0.384190163,0.413972594,0.511823718,1.10066909,1.109633599
254.5,0.432138432,0.430462805,0.591596797,1.129843958,1.107594975
255,0.480086701,0.446953016,0.671369877,1.159018827,1.10555635
255.5,0.528034969,0.463443227,0.751142956,1.171714294,1.103517726
256,0.575983238,0.479933438,0.830916036,1.145668243,1.101479102
256.5,0.623931507,0.496423649,0.910689115,1.119622193,1.099440478
257,0.671879775,0.51291386,0.913374634,1.093576143,1.097401854
257.5,0.675490453,0.529404071,0.909388005,1.067530093,1.095363229
258,0.662805687,0.545894282,0.905401376,1.041484043,1.093324605
258.5,0.650120921,0.562384493,0.901414747,1.015437993,1.091048906
259,0.637436155,0.578874704,0.897428118,0.989391943,1.088338984
259.5,0.624751389,0.595364915,0.893441489,0.963345893,1.085629062
260,0.612066624,0.611855126,0.889454861,0.937299842,1.08291914
260.5,0.599381858,0.628345337,0.885468232,0.911253792,1.080209219
261,0.611076605,0.644835548,0.912934823,0.885207742,1.077499297
261.5,0.6392367,0.661325759,0.961644176,0.859161692,1.074789375
262,0.667396795,0.67781597,1.010353529,0.833115642,1.072079453
262.5,0.695556889,0.694306181,1.059062882,0.807069592,1.069369531
263,0.723716984,0.710796392,1.107772236,0.781023542,1.06665961
263.5,0.751877079,0.727286603,1.156481589,0.754977492,1.063949688
264,0.780037174,0.743776814,1.205190942,0.728931441,1.061239766
264.5,0.808197269,0.760267025,1.253900295,0.727187464,1.058529844
265,0.836357364,0.776757236,1.302609648,0.753684526,1.055819923
265.5,0.864517459,0.793247447,1.351319002,0.780181589,1.053110001
266,0.892677553,0.809737658,1.400028355,0.806678651,1.050400079
266.5,0.920837648,0.826227869,1.448737708,0.833175714,1.047690157
267,0.912686168,0.84271808,1.435096258,0.859672777,1.044980236
267.5,0.889430771,0.825746256,1.395519788,0.886169839,1.042270314
268,0.866175373,0.777544252,1.355943319,0.912666902,1.039560392
268.5,0.842919975,0.729342248,1.316366849,0.939163964,1.03685047
269,0.819664577,0.681140244,1.276790379,0.965661027,1.034140549
269.5,0.796409179,0.632938241,1.237213909,0.992158089,1.031430627
270,0.773153781,0.584736237,1.197637439,1.018655152,1.028720705
270.5,0.749898384,0.536534233,1.15806097,1.045152215,1.026010783
271,0.726642986,0.488332229,1.1184845,1.071649277,1.023300862
271.5,0.703387588,0.440130225,1.07890803,1.09814634,1.02059094
272,0.68013219,0.391928221,1.03933156,1.124643402,1.017881018
272.5,0.656876792,0.343726217,0.999755091,1.151140465,1.015171096
273,0.633621395,0.295524213,0.960178621,1.177637528,1.012461174
273.5,0.610365997,0.24732221,0.920602151,1.20413459,1.009751253
274,0.607718583,0.199120206,0.881025681,1.230631653,1.007041331
274.5,0.631566074,0.150918202,0.841449212,1.257128715,1.004331409
275,0.655413564,0.107109727,0.801872742,1.28059386,1.001621487
275.5,0.679261054,0.132841743,0.762296272,1.256070005,0.998911566
276,0.703108545,0.158573758,0.788959438,1.23154615,0.996201644
276.5,0.726956035,0.184305773,0.825491788,1.207022295,0.993491722
277,0.725668539,0.210037789,0.862024137,1.185525815,0.9907818
277.5,0.698453878,0.235769804,0.898556486,1.167152122,0.988071879
278,0.671239217,0.26150182,0.935088835,1.14877843,0.985361957
278.5,0.644024556,0.287233835,0.971621184,1.130404737,0.982652035
279,0.616809895,0.312965851,0.923399237,1.112031045,0.979942113
279.5,0.589595234,0.338697866,0.868311363,1.093657352,0.977232192
280,0.562380573,0.364429882,0.813223488,1.07528366,0.97452227
280.5,0.535165913,0.390161897,0.758135613,1.056909967,0.971812348
281,0.507951252,0.415893913,0.703047738,1.038536275,0.969102426
281.5,0.480736591,0.441625928,0.647959863,1.020162582,0.966392504
282,0.45352193,0.467357944,0.592871988,1.00178889,0.963682583
282.5,0.426307269,0.493089959,0.537784113,0.983415197,0.960972661
283,0.399092608,0.518821975,0.532843716,0.965041505,0.958262739
283.5,0.392337663,0.543008722,0.561112684,0.946667813,0.955552817
284,0.41470885,0.56499565,0.589381653,0.92829412,0.952842896
284.5,0.437080036,0.586982577,0.617650622,0.909920428,0.950105888
285,0.459451223,0.608969505,0.64591959,0.891546735,0.946609001
285.5,0.48182241,0.630956433,0.674188559,0.873173043,0.943112114
286,0.504193596,0.65294336,0.702457528,0.85479935,0.939615227
286.5,0.526564783,0.674930288,0.730726496,0.836425658,0.936118339
287,0.54893597,0.696917215,0.758995465,0.818051965,0.932621452
287.5,0.571307156,0.718904143,0.787264433,0.799678273,0.929124565
288,0.593678343,0.74089107,0.815533402,0.78130458,0.925627678
288.5,0.61604953,0.762877998,0.843802371,0.762930888,0.922130791
289,0.638420716,0.749146883,0.872071339,0.744557196,0.918633903
289.5,0.660791903,0.720902128,0.900340308,0.726183503,0.915137016
290,0.663740043,0.692657372,0.928609277,0.707809811,0.911640129
290.5,0.627761334,0.664412616,0.956878245,0.689436118,0.908143242
291,0.591782626,0.63616786,0.985147214,0.671062426,0.904646354
291.5,0.555803917,0.607923104,0.918256598,0.652688733,0.901149467
292,0.519825208,0.579678348,0.846859793,0.634315041,0.89765258
292.5,0.483846499,0.551433593,0.775462988,0.615941348,0.894155693
293,0.44786779,0.523188837,0.704066183,0.597567656,0.890658806
293.5,0.411889082,0.494944081,0.632669378,0.579193963,0.887161918
294,0.375910373,0.466699325,0.561272573,0.560820271,0.883665031
294.5,0.339931664,0.438454569,0.489875768,0.542446579,0.880168144
295,0.303952955,0.410209813,0.418478963,0.524072886,0.876671257
295.5,0.267974246,0.381965058,0.406114005,0.505699194,0.87317437
296,0.231995538,0.353720302,0.42822174,0.487325501,0.869677482
296.5,0.207826464,0.325475546,0.450329475,0.479337493,0.866180595
297,0.218481732,0.29723079,0.47243721,0.501974872,0.862683708
297.5,0.229137001,0.268986034,0.494544945,0.52461225,0.859186821
298,0.239792269,0.307200052,0.516652681,0.547249629,0.855689934
298.5,0.250447538,0.354894642,0.538760416,0.569887007,0.852193046
299,0.261102806,0.402589232,0.560868151,0.592524386,0.848696159
299.5,0.271266931,0.450283822,0.582975886,0.615161764,0.845199272
300,0.280327441,0.497978411,0.605083621,0.637799143,0.841702385
300.5,0.289387952,0.545673001,0.627191356,0.660436521,0.838205498
301,0.298448462,0.593367591,0.649299091,0.6830739,0.83470861
301.5,0.307508972,0.641062181,0.671406826,0.705711279,0.831211723
302,0.316569483,0.688756771,0.693514562,0.728348657,0.827714836
302.5,0.325629993,0.73645136,0.715622297,0.750986036,0.824217949
303,0.334690504,0.78414595,0.737730032,0.773623414,0.820721062
303.5,0.343751014,0.83184054,0.759837767,0.796260793,0.817224174
304,0.352811525,0.804827362,0.781945502,0.818898171,0.813727287
304.5,0.361872035,0.776638984,0.804053237,0.81142181,0.8102304
305,0.370932546,0.748450606,0.826160972,0.796200091,0.806733513
305.5,0.379993056,0.720262229,0.848268707,0.780978372,0.803236626
306,0.389053567,0.692073851,0.870376442,0.765756652,0.799739738
306.5,0.398114077,0.663885473,0.892484178,0.750534933,0.796260938
307,0.407174587,0.635697096,0.914591913,0.735313214,0.793224912
307.5,0.416235098,0.607508718,0.936699648,0.720091495,0.790188887
308,0.397504369,0.57932034,0.909645398,0.704869776,0.787152861
308.5,0.364523965,0.551131963,0.85738384,0.689648057,0.784116835
309,0.33154356,0.522943585,0.805122282,0.674426337,0.78108081
309.5,0.298563156,0.494755207,0.752860724,0.661744823,0.778044784
310,0.265582751,0.46656683,0.700599166,0.673583932,0.775008758
310.5,0.232602347,0.438378452,0.648337608,0.68542304,0.771972733
311,0.199621943,0.410190074,0.596076049,0.697262149,0.768936707
311.5,0.166641538,0.382001697,0.543814491,0.709101257,0.765900681
312,0.133661134,0.353813319,0.491552933,0.720940366,0.762864655
312.5,0.100680729,0.325624941,0.439291375,0.732779474,0.75982863
313,0.067700325,0.297436564,0.387029817,0.744618583,0.756792604
313.5,0.087299277,0.269248186,0.334768259,0.730168094,0.753756578
314,0.109117223,0.241059808,0.350337318,0.714608112,0.750720553
314.5,0.130935169,0.261342778,0.38610825,0.699048129,0.747684527
315,0.152753115,0.316521412,0.421879181,0.683488147,0.744648501
315.5,0.174571061,0.371700046,0.457650112,0.667928165,0.741612476
316,0.196389007,0.42687868,0.493421043,0.652368183,0.73857645
316.5,0.218206953,0.482057314,0.529191975,0.636808201,0.735540424
317,0.240024899,0.537235947,0.564962906,0.621248219,0.732504398
317.5,0.261842845,0.592414581,0.600733837,0.605688237,0.729468373
318,0.283660791,0.647593215,0.636504768,0.590128254,0.726432347
318.5,0.305478736,0.702771849,0.6722757,0.574568272,0.723396321
319,0.32376711,0.757950483,0.708046631,0.55900829,0.720360296
319.5,0.294411065,0.813129116,0.743817562,0.543448308,0.71732427
320,0.26505502,0.86830775,0.682424313,0.527888326,0.714288244
320.5,0.235698974,0.923486384,0.607765742,0.512328344,0.711252219
321,0.206342929,0.978665018,0.533107171,0.496768362,0.708216193
321.5,0.176986884,1.033843651,0.458448599,0.481208379,0.705180167
322,0.147630839,1.089022285,0.383790028,0.469104502,0.702144141
322.5,0.118274794,1.144200919,0.309131457,0.481507388,0.699108116
323,0.088918749,1.199379553,0.234472886,0.493910275,0.69607209
323.5,0.103125426,1.254558187,0.159814315,0.506313161,0.693036064
324,0.132202738,1.264405329,0.154287206,0.518716048,0.690000039
324.5,0.16128005,1.238113195,0.20387324,0.531118934,0.686964013
325,0.190357363,1.211821062,0.253459274,0.543521821,0.683927987
325.5,0.219434675,1.185528928,0.303045308,0.555924708,0.680891962
326,0.248511987,1.159236795,0.352631342,0.568327594,0.677855936
326.5,0.277589299,1.132944662,0.402217376,0.580730481,0.67481991
327,0.306666612,1.106652528,0.45180341,0.593133367,0.671783884
327.5,0.335743924,1.080360395,0.501389444,0.605536254,0.668747859
328,0.364821236,1.054068261,0.550975478,0.61793914,0.665711833
328.5,0.393898548,1.027776128,0.600561512,0.630342027,0.662675807
329,0.422975861,1.001483995,0.650147546,0.642744913,0.659639782
329.5,0.452053173,0.975191861,0.69973358,0.6551478,0.656603756
330,0.481130485,0.948899728,0.749319614,0.667550687,0.65356773
330.5,0.510207797,0.930304977,0.755250812,0.679953573,0.650531705
331,0.521763687,0.920157251,0.713275659,0.69235646,0.647495679
331.5,0.489936368,0.910009526,0.671300506,0.704759346,0.644459653
332,0.458109049,0.8998618,0.629325352,0.717162233,0.641423627
332.5,0.42628173,0.889714075,0.587350199,0.729565119,0.638387602
333,0.39445441,0.873625644,0.545375046,0.733031674,0.635351576
333.5,0.362627091,0.855232714,0.503399892,0.733031674,0.63231555
334,0.330799772,0.836839783,0.461424739,0.733031674,0.629279525
334.5,0.298972452,0.818446852,0.419449586,0.733031674,0.626243499
335,0.267145133,0.800053922,0.377474433,0.733031674,0.623207473
335.5,0.235317814,0.781660991,0.335499279,0.733031674,0.620171448
336,0.203490495,0.763268061,0.293524126,0.733031674,0.617135422
336.5,0.171663175,0.74487513,0.251548973,0.733031674,0.614099396
337,0.139835856,0.726482199,0.234304757,0.733031674,0.61106337
337.5,0.116873648,0.708089269,0.254600283,0.733031674,0.608027345
338,0.12765575,0.689696338,0.274895808,0.733031674,0.604991319
338.5,0.138437852,0.671303408,0.295191334,0.733031674,0.601955293
339,0.149219954,0.652910477,0.31548686,0.733031674,0.598919268
339.5,0.160002056,0.634517546,0.335782386,0.719482795,0.595883242
340,0.170784158,0.616124616,0.356077912,0.698341516,0.592847216
340.5,0.181566259,0.597731685,0.376373438,0.677200237,0.589811191
341,0.192348361,0.579338755,0.393303851,0.656058957,0.586775165
341.5,0.203130463,0.560945824,0.367934319,0.634917678,0.583739139
342,0.213912565,0.542552893,0.342564787,0.613776399,0.580703113
342.5,0.210135701,0.524159963,0.317195255,0.59263512,0.577667088
343,0.199987906,0.505767032,0.291825723,0.571493841,0.574803536
343.5,0.189840111,0.487374102,0.266456191,0.550352562,0.572108026
344,0.179692316,0.468981171,0.241086659,0.529211283,0.569412516
344.5,0.169544522,0.45058824,0.215717128,0.508070003,0.566717005
345,0.159396727,0.43219531,0.190347596,0.486928724,0.564021495
345.5,0.149248932,0.413802379,0.164978064,0.465787445,0.561325985
346,0.139101137,0.395409449,0.139608532,0.444646166,0.558630475
346.5,0.128953342,0.377016518,0.114239,0.423504887,0.555934964
347,0.118805547,0.358623587,0.088869468,0.402363608,0.553239454
347.5,0.108657752,0.340230657,0.063499936,0.381222329,0.550543944
348,0.098509958,0.321837726,0.038130404,0.360081049,0.547848434
348.5,0.088362163,0.303444796,0.048158197,0.362084137,0.545152923
349,0.078214368,0.285051865,0.066762508,0.369694939,0.542457413
349.5,0.068066573,0.266658934,0.085366818,0.377305741,0.539761903
350,0.06372892,0.248266004,0.103971129,0.384916543,0.537066392
350.5,0.078015952,0.229873073,0.122575439,0.39127989,0.534370882
351,0.092302983,0.211480143,0.14117975,0.373267409,0.531675372
351.5,0.106590015,0.193087212,0.15978406,0.355254928,0.528979862
352,0.120877046,0.200800824,0.159787694,0.337242446,0.526284351
352.5,0.135164077,0.221338066,0.150654607,0.319229965,0.523588841
353,0.149451109,0.241875308,0.141521519,0.301217484,0.520893331
353.5,0.16373814,0.26241255,0.132388432,0.283205002,0.51819782
354,0.178025171,0.282949792,0.123255344,0.265192521,0.51550231
354.5,0.192312203,0.303487035,0.114122257,0.24718004,0.5128068
355,0.206599234,0.324024277,0.137901212,0.229167558,0.51011129
355.5,0.220886265,0.344561519,0.174143254,0.211155077,0.507415779
356,0.235173297,0.365098761,0.210385295,0.193142596,0.504720269
356.5,0.249460328,0.385636003,0.246627337,0.182683978,0.502024759
357,0.26374736,0.406173245,0.282869379,0.212435355,0.499329249
357.5,0.278034391,0.426710487,0.319111421,0.242186732,0.496633738
358,0.292321422,0.447247729,0.355353462,0.27193811,0.493938228
358.5,0.306608454,0.467784971,0.391595504,0.301689487,0.491242718
359,0.320895485,0.488322213,0.427837546,0.331440864,0.488547207
359.5,0.335182516,0.508859455,0.464079588,0.361192241,0.485851697
360,0.349469548,0.529396697,0.500321629,0.390943618,0.483156187
360.5,0.363756579,0.54993394,0.536563671,0.420694995,0.480460677
361,0.378043611,0.570471182,0.572805713,0.450446372,0.477765166
361.5,0.375960088,0.591008424,0.609047755,0.480197749,0.475069656
362,0.364889706,0.611545666,0.645289796,0.509949126,0.472374146
362.5,0.353819323,0.632082908,0.681531838,0.539700503,0.469678636
363,0.342748941,0.65262015,0.712671625,0.566348232,0.466983125
363.5,0.331678558,0.673157392,0.683842517,0.556517506,0.464287615
364,0.320608176,0.693694634,0.65501341,0.546686779,0.461592105
364.5,0.309537793,0.700714692,0.626184302,0.536856053,0.458896594
365,0.298467411,0.701950642,0.597355194,0.527025327,0.456201084
365.5,0.287397028,0.703186593,0.568526087,0.517194601,0.453505574
366,0.276326646,0.704422543,0.539696979,0.507363874,0.450810064
366.5,0.265256263,0.705658494,0.510867871,0.497533148,0.448114553
367,0.254185881,0.706894444,0.482038763,0.487702422,0.445419043
367.5,0.243115498,0.708130395,0.453209656,0.477871696,0.442723533
368,0.244449891,0.709366346,0.424380548,0.480894299,0.440028023
368.5,0.255297567,0.710602296,0.39555144,0.493774185,0.437332512
369,0.266145243,0.711838247,0.366722333,0.506654071,0.434637002
369.5,0.276992919,0.713074197,0.337893225,0.519533957,0.431941492
370,0.287840595,0.714310148,0.357495294,0.532413843,0.429245981
370.5,0.298688271,0.715546098,0.37715655,0.545293729,0.426550471
371,0.309535947,0.716782049,0.396817807,0.558173615,0.423854961
371.5,0.320383623,0.718018,0.416479063,0.5710535,0.421159451
372,0.331231299,0.71925395,0.430634198,0.583933386,0.41846394
372.5,0.342078975,0.720489901,0.427589835,0.596813272,0.41576843
373,0.352926651,0.721725851,0.424545473,0.609693158,0.41307292
373.5,0.363774327,0.722961802,0.421501111,0.622573044,0.41037741
374,0.374622003,0.724197752,0.418456748,0.63545293,0.407681899
374.5,0.385469679,0.725433703,0.415412386,0.648332816,0.404986389
375,0.396317355,0.726669653,0.412368023,0.661212702,0.402290879
375.5,0.407165031,0.727905604,0.409323661,0.674208656,0.399595368
376,0.418012707,0.729141555,0.406279298,0.688161899,0.396899858
376.5,0.428860383,0.730377505,0.403234936,0.702115142,0.394204348
377,0.439708059,0.731613456,0.400190574,0.716068384,0.391508838
377.5,0.450555735,0.732849406,0.397146211,0.730021627,0.388813327
378,0.461403411,0.734085357,0.410725093,0.743974869,0.386117817
378.5,0.472251087,0.735321307,0.454910364,0.757928112,0.383422307
379,0.483098763,0.736557258,0.499095636,0.771881354,0.380726796
379.5,0.493946439,0.737793209,0.543280907,0.785834597,0.378031286
380,0.504794115,0.739029159,0.587466178,0.79978784,0.375335776
380.5,0.515641791,0.74026511,0.631651449,0.813741082,0.372640266
381,0.526489467,0.74150106,0.675836721,0.827694325,0.370291528
381.5,0.537337143,0.742737011,0.720021992,0.841647567,0.368448899
382,0.548184819,0.743972961,0.764207263,0.85560081,0.366606269
382.5,0.559032495,0.745208912,0.808392535,0.869554052,0.364763639
383,0.569880171,0.746444863,0.852577806,0.862059768,0.362921009
383.5,0.580727847,0.747680813,0.896763077,0.850462245,0.36107838
384,0.591575523,0.748916764,0.940948349,0.838864722,0.35923575
384.5,0.602423199,0.750152714,0.98513362,0.827267199,0.35739312
385,0.610620973,0.751388665,1.022895745,0.815669677,0.35555049
385.5,0.589633561,0.752624615,0.989915353,0.804072154,0.353707861
386,0.568646148,0.753860566,0.956934962,0.792474631,0.351865231
386.5,0.547658736,0.755096517,0.92395457,0.780877108,0.350022601
387,0.526671323,0.756332467,0.890974179,0.769279585,0.348179971
387.5,0.50568391,0.754592931,0.857993787,0.757682062,0.346337342
388,0.484696498,0.746728404,0.825013396,0.746084539,0.344494712
388.5,0.463709085,0.738863877,0.792033004,0.734487017,0.342652082
389,0.442721672,0.73099935,0.759052613,0.722889494,0.340809452
389.5,0.42173426,0.723134822,0.726072221,0.711291971,0.338966823
390,0.400746847,0.715270295,0.69309183,0.699694448,0.337124193
390.5,0.379759435,0.707405768,0.687902627,0.688096925,0.335281563
391,0.358772022,0.699541241,0.727732667,0.678781892,0.333438933
391.5,0.337965353,0.691676714,0.767562707,0.679035582,0.331596304
392,0.368639515,0.683812187,0.807392747,0.679289273,0.329753674
392.5,0.399313678,0.67594766,0.847222788,0.679542964,0.327911044
393,0.429987841,0.668083132,0.887052828,0.679796654,0.326068414
393.5,0.460662003,0.668278957,0.926882868,0.680050345,0.324225785
394,0.491336166,0.67888806,0.966712908,0.680304036,0.322383155
394.5,0.522010329,0.689497163,1.006542948,0.680557726,0.320540525
395,0.552684491,0.700106266,1.046372989,0.680811417,0.318697895
395.5,0.583358654,0.710715369,1.086203029,0.681065108,0.316855266
396,0.614032817,0.721324472,1.126033069,0.681318798,0.315012636
396.5,0.644706979,0.731933575,1.129199186,0.681572489,0.313170006
397,0.675381142,0.742542677,1.094364826,0.676660874,0.311327376
397.5,0.706055305,0.75315178,1.059530466,0.65980822,0.309484747
398,0.736729467,0.763760883,1.024696106,0.642955565,0.307642117
398.5,0.702345099,0.774369986,0.989861747,0.626102911,0.305799487
399,0.662599505,0.784979089,0.955027387,0.609250256,0.303956857
399.5,0.622853912,0.795588192,0.920193027,0.592397602,0.302114227
400,0.583108318,0.789292232,0.885358667,0.575544948,0.300271598
400.5,0.543362725,0.752506476,0.850524308,0.558692293,0.298428968
401,0.503617131,0.71572072,0.815689948,0.541839639,0.296586338
401.5,0.463871537,0.678934964,0.780855588,0.524986984,0.294743708
402,0.424125944,0.642149208,0.746021228,0.50813433,0.292901079
402.5,0.38438035,0.605363452,0.711186869,0.491281675,0.291058449
403,0.344634757,0.568577696,0.676352509,0.474429021,0.289215819
403.5,0.304889163,0.53179194,0.641518149,0.457576366,0.287373189
404,0.265143569,0.495006185,0.606683789,0.440723712,0.28553056
404.5,0.225397976,0.458220429,0.57184943,0.423871058,0.28368793
405,0.185652382,0.421434673,0.53701507,0.407018403,0.2818453
405.5,0.169064793,0.384648917,0.50218071,0.411732965,0.28000267
406,0.164667397,0.347863161,0.46734635,0.427800341,0.278160041
406.5,0.160270001,0.311077405,0.432511991,0.443867718,0.276317411
407,0.155872605,0.274291649,0.397677631,0.459935095,0.274474781
407.5,0.15147521,0.237505893,0.362843271,0.476002472,0.272632151
408,0.147077814,0.200720138,0.328008911,0.492069848,0.270789522
408.5,0.142680418,0.163934382,0.293174552,0.508137225,0.268946892
409,0.138283022,0.127148626,0.258340192,0.509111059,0.267104262
409.5,0.133885626,0.108267103,0.223505832,0.496195622,0.265261632
410,0.129488231,0.125462016,0.188671472,0.483280184,0.263419003
410.5,0.125090835,0.14265693,0.153837113,0.470364747,0.261576373
411,0.120693439,0.159851844,0.119002753,0.45744931,0.259733743
411.5,0.116296043,0.177046757,0.084168393,0.444533872,0.257891113
412,0.111898647,0.194241671,0.078141737,0.431618435,0.256048484
412.5,0.107501251,0.211436585,0.093363456,0.418702997,0.254205854
413,0.103103856,0.228631498,0.108585176,0.40578756,0.252363224
413.5,0.09870646,0.245826412,0.123806895,0.392872122,0.250520594
414,0.094309064,0.263021325,0.139028614,0.379956685,0.248677965
414.5,0.10078836,0.280216239,0.154250333,0.367041247,0.246835335
415,0.109667696,0.305359899,0.169472052,0.35412581,0.244992705
415.5,0.118547032,0.335169215,0.184693771,0.349705837,0.243150075
416,0.127426369,0.364978531,0.19991549,0.356048176,0.241307446
416.5,0.136305705,0.394787848,0.215137209,0.362390515,0.239464816
417,0.145185041,0.424597164,0.230358929,0.368732855,0.237622186
417.5,0.154064377,0.45440648,0.245580648,0.375075194,0.235779556
418,0.162943713,0.484215796,0.260802367,0.381417534,0.233936927
418.5,0.171823049,0.514025113,0.276024086,0.387759873,0.232094297
419,0.180702386,0.543834429,0.291245805,0.394102212,0.230251667
419.5,0.189581722,0.573643745,0.306467524,0.400444552,0.228409037
420,0.198461058,0.603453061,0.321689243,0.406786891,0.226566408
420.5,0.207340394,0.633262378,0.336910963,0.386680221,0.224723778
421,0.21621973,0.663071694,0.352132682,0.364539477,0.222881148
421.5,0.225099066,0.69288101,0.367354401,0.342398733,0.221038518
422,0.233978403,0.722690326,0.38257612,0.320257989,0.219195889
422.5,0.242857739,0.752499643,0.397797839,0.298117245,0.217353259
423,0.251737075,0.782308959,0.413019558,0.275976502,0.215510629
423.5,0.260616411,0.812118275,0.428241277,0.253835758,0.213667999
424,0.269495747,0.841927591,0.443462996,0.231695014,0.211825369
424.5,0.278375083,0.820555111,0.458684716,0.20955427,0.20998274
425,0.283644993,0.765799208,0.473906435,0.187413526,0.20814011
425.5,0.283850692,0.711043305,0.489128154,0.165272782,0.20629748
426,0.28405639,0.656287402,0.503104539,0.143132038,0.20445485
426.5,0.284262089,0.601531498,0.485599615,0.120991294,0.202612221
427,0.284467788,0.546775595,0.468094692,0.137988128,0.200769591
427.5,0.284673487,0.492019692,0.450589768,0.161948237,0.198926961
428,0.284879185,0.437263789,0.433084844,0.185908347,0.197084331
428.5,0.285084884,0.382507886,0.41557992,0.209868456,0.195241702
429,0.285290583,0.327751983,0.398074996,0.233828566,0.193399072
429.5,0.285496281,0.27299608,0.380570073,0.257788675,0.191556442
430,0.28570198,0.218240177,0.363065149,0.281748784,0.189713812
430.5,0.285907679,0.163484273,0.345560225,0.305708894,0.187871183
431,0.286113378,0.10872837,0.328055301,0.329669003,0.186028553
431.5,0.286319076,0.073617751,0.310550377,0.353629113,0.184185923
432,0.286524775,0.077241932,0.301347601,0.377589222,0.182343293
432.5,0.286730474,0.080866113,0.340162867,0.401549331,0.180500664
433,0.286936173,0.084490294,0.378978132,0.425509441,0.178658034
433.5,0.287141871,0.088114475,0.417793397,0.44946955,0.176815404
434,0.28734757,0.091738656,0.456608662,0.47342966,0.174972774
434.5,0.287553269,0.095362836,0.495423927,0.497389769,0.173130145
435,0.287758967,0.098987017,0.534239192,0.521349878,0.171287515
435.5,0.287964666,0.102484486,0.573054458,0.545309988,0.169444885
436,0.288170365,0.096395761,0.611869723,0.569270097,0.167602255
436.5,0.288376064,0.090307036,0.650684988,0.593230207,0.165759626
437,0.288581762,0.084218312,0.689500253,0.617190316,0.163916996
437.5,0.288787461,0.078129587,0.728315518,0.625490502,0.162570889
438,0.28899316,0.072040862,0.753653961,0.61432795,0.161841878
438.5,0.289198858,0.069410802,0.739982605,0.603165398,0.161112868
439,0.289404557,0.114350931,0.726311248,0.592002846,0.160383857
439.5,0.289610256,0.15929106,0.712639891,0.580840293,0.159654847
440,0.289815955,0.204231189,0.698968535,0.569677741,0.158925836
440.5,0.290021653,0.249171318,0.685297178,0.558515189,0.158196826
441,0.290227352,0.294111448,0.671625821,0.547352637,0.157467816
441.5,0.290433051,0.339051577,0.657954465,0.536190085,0.156738805
442,0.290638749,0.383991706,0.644283108,0.525027532,0.156009795
442.5,0.290844448,0.428931835,0.630611751,0.51386498,0.155280784
443,0.291050147,0.473871964,0.616940395,0.502702428,0.154551774
443.5,0.291255846,0.518812093,0.603269038,0.502219377,0.153822763
444,0.291461544,0.563752222,0.589597681,0.510291516,0.153093753
444.5,0.291667243,0.608692351,0.575926325,0.518363655,0.152364743
445,0.291872942,0.65363248,0.562254968,0.526435794,0.151635732
445.5,0.292078641,0.69857261,0.548583611,0.534507933,0.150906722
446,0.292284339,0.743512739,0.534912254,0.542580072,0.150177711
446.5,0.292490038,0.788452868,0.521240898,0.550652211,0.149448701
447,0.296168158,0.80436461,0.507569541,0.55872435,0.14871969
447.5,0.304624694,0.780330239,0.493898184,0.566796489,0.14799068
448,0.313081231,0.756295868,0.480226828,0.574868629,0.14726167
448.5,0.321537768,0.732261498,0.466555471,0.582940768,0.146532659
449,0.310186801,0.708227127,0.442897627,0.591012907,0.145803649
449.5,0.295440704,0.684192756,0.417528037,0.599085046,0.145074638
450,0.280694607,0.660158386,0.392158447,0.590716425,0.144345628
450.5,0.26594851,0.636124015,0.366788857,0.564219363,0.143616617
451,0.251202414,0.612089644,0.341419267,0.537722301,0.142887607
451.5,0.236456317,0.588055274,0.316049677,0.511225238,0.142158596
452,0.22171022,0.564020903,0.290680087,0.484728176,0.141429586
452.5,0.206964123,0.539986532,0.265310497,0.458231114,0.140700576
453,0.192218027,0.515952162,0.239940907,0.431734051,0.139971565
453.5,0.17747193,0.491917791,0.214571317,0.405236989,0.139242555
454,0.162725833,0.46788342,0.189201726,0.378739927,0.138513544
454.5,0.147979736,0.44384905,0.163832136,0.352242864,0.137784534
455,0.13323364,0.419814679,0.138462546,0.325745802,0.137055523
455.5,0.118487543,0.395780308,0.113092956,0.29924874,0.136326513
456,0.103741446,0.371745938,0.087723366,0.272751677,0.135597503
456.5,0.088995349,0.347711567,0.062353776,0.246254615,0.134868492
457,0.074249252,0.323677196,0.046677547,0.219757553,0.134139482
457.5,0.059503156,0.299642826,0.068167071,0.19326049,0.133410471
458,0.044757059,0.275608455,0.089656596,0.166763428,0.132681461
458.5,0.048439764,0.306786162,0.11114612,0.140266366,0.13195245
459,0.055929812,0.349370545,0.132635645,0.113769303,0.13122344
459.5,0.063419861,0.391954928,0.154125169,0.087272241,0.130494429
460,0.070909909,0.434539312,0.175614694,0.060775179,0.129765419
460.5,0.078399958,0.477123695,0.197104218,0.03721067,0.129036409
461,0.085890007,0.519708078,0.218593743,0.051163855,0.128307398
461.5,0.093380055,0.562292461,0.240083267,0.06511704,0.127578388
462,0.100870104,0.604876845,0.261572792,0.079070224,0.126849377
462.5,0.108360152,0.647461228,0.283062316,0.093023409,0.126120367
463,0.115850201,0.690045611,0.304551841,0.106976594,0.125391356
463.5,0.12334025,0.732629994,0.326041365,0.120929778,0.124662346
464,0.130830298,0.775214378,0.34753089,0.134882963,0.123933336
464.5,0.138320347,0.817798761,0.369020414,0.148836148,0.123204325
465,0.145810395,0.860383144,0.390509939,0.162789332,0.122475315
465.5,0.153300444,0.902967528,0.411999463,0.176742517,0.121746304
466,0.160790493,0.945551911,0.433488988,0.190695702,0.121017294
466.5,0.168280541,0.970277683,0.454978512,0.200358262,0.120288283
467,0.17577059,0.914659594,0.476468037,0.190717789,0.119559273
467.5,0.183260638,0.859041504,0.429707989,0.181077315,0.118830263
468,0.190750687,0.803423414,0.382457605,0.171436842,0.118101252
468.5,0.198240736,0.747805325,0.335207222,0.161796369,0.117372242
469,0.205730784,0.692187235,0.287956838,0.152155896,0.116643231
469.5,0.213220833,0.636569146,0.240706454,0.142515423,0.115914221
470,0.220710881,0.580951056,0.193456071,0.13287495,0.11518521
470.5,0.22820093,0.525332966,0.146205687,0.123234476,0.1144562
471,0.247872495,0.469714877,0.098955304,0.113594003,0.113727189
471.5,0.2695518,0.414096787,0.05170492,0.10395353,0.112998179
472,0.291231105,0.358478697,0.049204692,0.094313057,0.112269169
472.5,0.312910411,0.302860608,0.095123821,0.093837014,0.111540158
473,0.334589716,0.247242518,0.141042949,0.115654749,0.110811148
473.5,0.356269021,0.191624429,0.186962078,0.137472484,0.110082137
474,0.377948326,0.136006339,0.232881207,0.159290219,0.109353127
474.5,0.399627631,0.132816611,0.278800336,0.181107954,0.108624116
475,0.421306936,0.149599504,0.324719464,0.202925689,0.107895106
475.5,0.442986241,0.166382398,0.370638593,0.224743424,0.107166096
476,0.464665546,0.183165292,0.416557722,0.246561159,0.106437085
476.5,0.486344851,0.199948186,0.462476851,0.268378894,0.105708075
477,0.508024157,0.21673108,0.508395979,0.290196629,0.104979064
477.5,0.499142536,0.233513973,0.554315108,0.312014364,0.104250054
478,0.481578931,0.250296867,0.55336879,0.333832099,0.103521043
478.5,0.464015326,0.267079761,0.519824626,0.342994411,0.102792033
479,0.446451722,0.283862655,0.486280462,0.333227125,0.102063023
479.5,0.428888117,0.300645549,0.452736298,0.323459838,0.101334012
480,0.411324512,0.317428442,0.419192134,0.313692551,0.100605002
480.5,0.393760907,0.334211336,0.385647971,0.303925265,0.099875991
481,0.376197303,0.35099423,0.352103807,0.294157978,0.099146981
481.5,0.358633698,0.367777124,0.318559643,0.284390691,0.09841797
482,0.341070093,0.388047872,0.285015479,0.274623405,0.09768896
482.5,0.323506489,0.417927538,0.251471316,0.264856118,0.096959949
483,0.305942884,0.447807205,0.217927152,0.255088832,0.096230939
483.5,0.288379279,0.477686871,0.232614656,0.245321545,0.095501929
484,0.270815675,0.507566538,0.25337143,0.235554258,0.094772918
484.5,0.25325207,0.537446204,0.274128205,0.225786972,0.094043908
485,0.249006569,0.567325871,0.294884979,0.216019685,0.093314897
485.5,0.272926309,0.597205538,0.315641753,0.206252398,0.092585887
486,0.296846049,0.627085204,0.336398528,0.196485112,0.091856876
486.5,0.320765789,0.656964871,0.357155302,0.186717825,0.091127866
487,0.344685529,0.686844537,0.377912077,0.176950539,0.090398856
487.5,0.368605269,0.716724204,0.398668851,0.167183252,0.089669845
488,0.392525009,0.746603871,0.419425625,0.157415965,0.088940835
488.5,0.416444749,0.776483537,0.4401824,0.147648679,0.088211824
489,0.440364489,0.806363204,0.460939174,0.137881392,0.087482814
489.5,0.414919328,0.83624287,0.481695948,0.128114105,0.087408742
490,0.389354712,0.866122537,0.469005866,0.118346819,0.087336256
490.5,0.363790096,0.896002204,0.448393052,0.122125893,0.087263769
491,0.33822548,0.92588187,0.427780238,0.134225173,0.087191282
491.5,0.312660863,0.955761537,0.407167425,0.146324454,0.087118796
492,0.287096247,0.985641203,0.386554611,0.158423735,0.087046309
492.5,0.261531631,1.01552087,0.365941797,0.170523016,0.086973822
493,0.235967015,0.972085902,0.345328984,0.182622296,0.086901336
493.5,0.210402399,0.91703419,0.32471617,0.194721577,0.086828849
494,0.184837783,0.861982478,0.304103356,0.206820858,0.086756363
494.5,0.159273167,0.806930765,0.293830778,0.218920139,0.086683876
495,0.133708551,0.751879053,0.308146471,0.23101942,0.086611389
495.5,0.108143935,0.696827341,0.322462164,0.2431187,0.086538903
496,0.082579318,0.641775629,0.336777856,0.255217981,0.086466416
496.5,0.057014702,0.586723917,0.351093549,0.267317262,0.086393929
497,0.055616877,0.531672205,0.365409242,0.279416543,0.086321443
497.5,0.074825394,0.476620492,0.379724935,0.291515824,0.086248956
498,0.09403391,0.42156878,0.394040628,0.303231239,0.086176469
498.5,0.113242426,0.366517068,0.408356321,0.312956233,0.086103983
499,0.132450943,0.37446581,0.422672014,0.322681226,0.086031496
499.5,0.151659459,0.384190795,0.436987707,0.33240622,0.085959009
